Predictor variable,Categorical,Sample average
bio1,false,253.09333333333333
bio12,false,2594.2266666666665
bio16,false,1001.4266666666666
bio17,false,297.06666666666666
bio5,false,313.26666666666665
bio6,false,194.92
bio7,false,118.26666666666667
bio8,false,252.6
biome,true,1.0
