Predictor variable,Categorical,Sample average
bio1,false,250.78947368421052
bio12,false,2461.8684210526317
bio16,false,965.078947368421
bio17,false,257.25
bio5,false,311.38157894736844
bio6,false,192.3815789473684
bio7,false,118.9342105263158
bio8,false,249.8815789473684
biome,true,1.0
