Predictor variable,Categorical,Sample average
bio1,false,247.85333333333332
bio12,false,2570.44
bio16,false,1001.72
bio17,false,277.16
bio5,false,308.49333333333334
bio6,false,189.8
bio7,false,118.61333333333333
bio8,false,247.09333333333333
biome,true,1.0
