Predictor variable,Categorical,Sample average
bio1,false,248.50666666666666
bio12,false,2596.1066666666666
bio16,false,1009.1066666666667
bio17,false,286.81333333333333
bio5,false,308.38666666666666
bio6,false,190.6
bio7,false,117.73333333333333
bio8,false,247.98666666666668
biome,true,1.0
